id,title,authors,year,type,url,relevance,key_finding
1,CDC/ATSDR SVI 2022 Documentation,CDC/ATSDR,2024,technical_doc,https://www.atsdr.cdc.gov/place-health/media/pdfs/2024/10/SVI2022Documentation.pdf,composite_methodology,"16 vars equal-weighted percentile rank; 4 expert themes; no factor analysis"
2,SVI Validity Assessment White Paper,CDC/ATSDR,2024,technical_doc,https://www.atsdr.cdc.gov/place-health/media/pdf/Validation-WhitePaper-508.pdf,composite_validation,"Expert panel + disaster-impact empirical validation"
3,EJScreen Technical Documentation v2.3,EPA,2024,technical_doc,https://www.epa.gov/system/files/documents/2024-07/ejscreen-tech-doc-version-2-3.pdf,composite_methodology,"Multiplicative EJ Index: environmental × (demographic - national avg) × population"
4,Rethinking Vulnerability: Factor Analysis vs SVI,PMC,2025,peer_reviewed,https://pmc.ncbi.nlm.nih.gov/articles/PMC11962935/,composite_critique,"Factor weights expose SVI distortion; state-level heterogeneity in variable importance"
5,ADI vs SVI Comparison,PLOS ONE,2023,peer_reviewed,https://pmc.ncbi.nlm.nih.gov/articles/PMC10553799/,composite_comparison,"R=0.51 correlation; indices classify different tracts as high-deprivation"
6,ADI-3 Revised Neighborhood Risk Index,Springer,2021,peer_reviewed,https://link.springer.com/article/10.1007/s10742-021-00248-6,composite_methodology,"Factor analysis construction; 52% variance on first factor; 17 ACS variables"
7,Deciphering ADI: Consequences of Not Standardizing,Health Affairs Scholar,2023,peer_reviewed,https://pmc.ncbi.nlm.nih.gov/articles/PMC10986280/,composite_critique,"Unstandardized ADI: 98.8% explained by 2 vars (income + home value)"
8,Opportunity Atlas,Chetty Hendren et al.,2020,peer_reviewed,https://www.aeaweb.org/articles?id=10.1257/aer.20200108,raw_outcomes,"Raw mobility outcomes; MTO causal validation; R=0.5 vs experimental"
9,National Equity Atlas Methodology,PolicyLink/USC ERI,2023,methodology,https://nationalequityatlas.org/about-the-atlas/methodology/indexmethod,composite_methodology,"Geometric mean; Inclusion × Prosperity; 9 indicators across 3 categories"
10,Stiglitz-Sen-Fitoussi Commission Report,Stiglitz Sen Fitoussi,2009,report,https://www.researchgate.net/publication/258260767,composite_critique,"Weights embed hidden normative choices; present composites alongside dashboards"
11,Composite Environmental Indices Rickety Rankings,PMC,2023,peer_reviewed,https://pmc.ncbi.nlm.nih.gov/articles/PMC10720475/,composite_critique,"Rankings differ 45+ places across alternative specifications"
12,Models for Small Area Estimation,PMC,2020,peer_reviewed,https://pmc.ncbi.nlm.nih.gov/articles/PMC7546254/,small_area_estimation,"HB vs SB vs Leroux CAR; INLA 200x faster than MCMC; SSVD for inequality"
13,Bayesian Models with Survey SE,Donegan et al.,2021,peer_reviewed,https://pmc.ncbi.nlm.nih.gov/articles/PMC8297362/,small_area_estimation,"BYM2 with survey SE as data model; data quality correlated with outcome"
14,Quantifying Neighborhood SDOH,Kolak et al.,2020,peer_reviewed,https://jamanetwork.com/journals/jamanetworkopen/fullarticle/2759757,factor_analysis,"PCA on 71901 tracts; 4 SDOH factors; 71% variance explained"
15,JAMIA Open Housing SDOH Dimensionality,PMC,2025,peer_reviewed,https://pmc.ncbi.nlm.nih.gov/articles/PMC12360777/,dimensionality_reduction,"PCA > tSNE > UMAP for stability at 72855 tracts"
16,Structural Racism and Causal Decomposition,Graetz et al.,2022,peer_reviewed,https://journals.sagepub.com/doi/10.1177/00221465211066108,disaggregation,"Race and SES too correlated for mutual adjustment; decompose first"
17,Massey Denton Segregation Framework,Massey Denton,1988,canonical,https://www.census.gov/content/dam/Census/library/working-papers/2003/demo/massey.pdf,validated_features,"5-dimensional segregation framework; dissimilarity + isolation canonical"
18,Quantile Regression for Mortality,PMC,2013,peer_reviewed,https://pmc.ncbi.nlm.nih.gov/articles/PMC3568764/,quantile_regression,"QR for US counties; disparity diminishes at upper quantiles"
19,ACS Margin of Error Handbook,Census Bureau,2018,technical_doc,https://www.census.gov/content/dam/Census/library/publications/2018/acs/acs_general_handbook_2018_ch07.pdf,data_quality,"CV < 15% reliable; 15-30% caution; > 30% suppress"
20,ScaGWR Linear-Time Algorithm,Murakami et al.,2020,peer_reviewed,https://arxiv.org/abs/1905.00266,spatial_statistics,"Linear-time GWR; ~90s at N=80K; 1M without GPU"
21,PySAL NARSC 2024 Workshop,PySAL,2024,workshop,https://www.narsc.org/newsite/wp-content/uploads/2024/09/pysalworkshop2024.pdf,spatial_statistics,"Moran's I at 71K+ tracts; O(n log n) KNN; sparse contiguity"
22,SKATER Regionalization,PySAL spopt,2024,documentation,https://pysal.org/spopt/notebooks/skater.html,spatial_clustering,"Constrained regionalization via minimum spanning tree"
23,Census Reporter,Knight Foundation,2013-present,platform,https://github.com/censusreporter/censusreporter,platform,"OSS ACS profiles; Postgres + REST API; fork-able"
24,COI 3.0 Technical Docs,diversitydatakids.org,2025,methodology,https://www.diversitydatakids.org/child-opportunity-index,platform,"44-indicator composite; ML-validated weights; methodology documented"
25,Urban Institute Spatial Equity Data Tool,Urban Institute,2024,platform,https://apps.urban.org/features/equity-data-tool/,platform,"OSS on GitHub; upload-based equity analysis; public API"
26,ICE Index,Krieger et al.,2016,peer_reviewed,,validated_features,"(high-income white - low-income POC) / total; validated directional measure"
27,OMB Race/Ethnicity Standards 2024,OMB,2024,federal_standard,https://mdeconomy.org/a-step-forward-for-data-equity,standards,"MENA separate category; agencies comply by March 2029"
28,Factor Retention Methods Review,ResearchGate,2024,peer_reviewed,https://www.researchgate.net/publication/387781734,factor_analysis,"Parallel analysis + empirical Kaiser is current best practice"
29,Intersectionality in Quantitative Research,ScienceDirect,2021,peer_reviewed,https://www.sciencedirect.com/article/pii/S2352827321000732,disaggregation,"QuantCrit; additive interaction testing for intersecting identities"
30,Walker Analyzing US Census Data,Walker,2023,textbook,https://walker-data.com/census-r/,implementation,"spatialreg GWmodel segregation tidycensus packages"
